latitude,longitude,bright_ti4,scan,track,acq_date,acq_time,satellite,instrument,confidence,version,bright_ti5,frp,daynight
30.06261,79.17153,337.48,0.415,0.365,2025-11-12,1340,NOAA-20,VIIRS,82,10.1.1_NRT,301.28,65.8,D
30.42308,76.00279,329.32,0.356,0.362,2025-11-13,1355,NPP,VIIRS,72,10.1.1_NRT,290.09,9.58,D
30.66188,75.28799,327.48,0.416,0.422,2025-11-10,1340,NOAA-20,VIIRS,62,10.1.1_NRT,293.07,20.3,D
23.81678,86.44746,353.16,0.447,0.411,2025-11-13,0140,NPP,VIIRS,91,10.1.1_NRT,299.73,37.61,D
30.96534,76.42172,325.47,0.4,0.411,2025-11-12,1340,NOAA-20,VIIRS,64,10.1.1_NRT,291.3,6.39,D
30.88229,76.05632,326.43,0.355,0.378,2025-11-13,0140,NOAA-20,VIIRS,61,10.1.1_NRT,289.93,4.07,D
30.43642,76.1648,316.42,0.418,0.365,2025-11-13,1340,NOAA-20,VIIRS,42,10.1.1_NRT,290.14,10.76,D
23.80819,86.42362,362.88,0.357,0.415,2025-11-12,1355,NOAA-20,VIIRS,92,10.1.1_NRT,302.7,57.73,D
30.43508,76.16733,338.03,0.4,0.419,2025-11-13,0140,NPP,VIIRS,77,10.1.1_NRT,289.06,18.43,D
23.81816,86.44934,347.61,0.415,0.365,2025-11-13,1340,NPP,VIIRS,91,10.1.1_NRT,298.56,29.77,D
23.74514,86.34128,350.55,0.421,0.39,2025-11-14,1355,NPP,VIIRS,98,10.1.1_NRT,303.23,51.94,D
30.42824,75.11502,323.88,0.42,0.355,2025-11-14,1355,NOAA-20,VIIRS,40,10.1.1_NRT,293.07,17.15,D
30.07527,79.1918,341.64,0.376,0.368,2025-11-13,0140,NPP,VIIRS,65,10.1.1_NRT,303.08,95.12,D
30.7527,75.5087,317.54,0.383,0.396,2025-11-14,1340,NOAA-20,VIIRS,43,10.1.1_NRT,294.98,20.6,D
30.08086,79.20603,350.9,0.36,0.447,2025-11-12,1340,NOAA-20,VIIRS,61,10.1.1_NRT,302.73,75.76,D
30.72193,76.3014,328.6,0.389,0.397,2025-11-14,0140,NPP,VIIRS,92,10.1.1_NRT,294.29,10.29,D
30.79454,76.17767,337.84,0.371,0.411,2025-11-11,1355,NOAA-20,VIIRS,68,10.1.1_NRT,288.94,6.28,D
30.50416,75.84369,335.5,0.393,0.446,2025-11-13,0140,NPP,VIIRS,47,10.1.1_NRT,288.6,4.2,D
23.74164,86.33666,352.62,0.371,0.363,2025-11-14,0140,NOAA-20,VIIRS,88,10.1.1_NRT,299.98,62.49,D
30.32454,75.38891,337.47,0.41,0.377,2025-11-11,0140,NPP,VIIRS,56,10.1.1_NRT,294.98,11.58,D
30.79559,76.17974,315.66,0.43,0.405,2025-11-12,1355,NOAA-20,VIIRS,83,10.1.1_NRT,292.43,5.19,D
30.43884,76.16383,332.5,0.421,0.444,2025-11-12,1355,NOAA-20,VIIRS,62,10.1.1_NRT,293.99,5.07,D
30.36722,75.96076,315.48,0.423,0.409,2025-11-12,1340,NPP,VIIRS,84,10.1.1_NRT,289.79,22.86,D
30.7671,75.5547,327.6,0.408,0.427,2025-11-12,0140,NOAA-20,VIIRS,43,10.1.1_NRT,290.31,21.87,D
30.3917,75.64097,336.29,0.38,0.402,2025-11-11,1340,NOAA-20,VIIRS,89,10.1.1_NRT,291.67,8.33,D
31.15629,75.08579,339.82,0.358,0.446,2025-11-11,1355,NOAA-20,VIIRS,63,10.1.1_NRT,291.06,16.86,D
30.65415,75.07071,333.03,0.441,0.39,2025-11-12,1355,NOAA-20,VIIRS,77,10.1.1_NRT,293.24,17.19,D
30.7491,75.50041,333.43,0.389,0.42,2025-11-14,1355,NOAA-20,VIIRS,61,10.1.1_NRT,295.06,17.12,D
31.0669,76.13874,330.86,0.426,0.367,2025-11-12,1355,NPP,VIIRS,49,10.1.1_NRT,288.04,16.51,D
30.64735,75.06969,337.31,0.44,0.431,2025-11-12,1340,NPP,VIIRS,79,10.1.1_NRT,290.39,8.01,D
23.74137,86.33308,351.02,0.408,0.42,2025-11-11,0140,NOAA-20,VIIRS,93,10.1.1_NRT,301.31,70.38,D
30.07174,79.19077,357.11,0.361,0.385,2025-11-11,0140,NPP,VIIRS,92,10.1.1_NRT,303.18,75.56,D
23.72405,86.32536,338.63,0.441,0.409,2025-11-14,1355,NPP,VIIRS,97,10.1.1_NRT,302.35,71.64,D
23.79723,86.42399,361.09,0.36,0.427,2025-11-12,0140,NPP,VIIRS,94,10.1.1_NRT,299.19,29.24,D
30.45876,76.46147,324.93,0.442,0.351,2025-11-12,1355,NOAA-20,VIIRS,61,10.1.1_NRT,290.61,3.54,D
30.79706,76.18217,316.68,0.388,0.407,2025-11-10,1355,NOAA-20,VIIRS,41,10.1.1_NRT,294.23,19.97,D
23.74075,86.33996,350.56,0.41,0.431,2025-11-11,1340,NOAA-20,VIIRS,90,10.1.1_NRT,298.56,69.43,D
30.66694,76.41984,330.77,0.406,0.389,2025-11-13,1355,NPP,VIIRS,42,10.1.1_NRT,290.68,17.61,D
30.70377,76.0582,324.58,0.354,0.378,2025-11-12,0140,NOAA-20,VIIRS,62,10.1.1_NRT,291.88,9.91,D
30.41347,75.80373,337.55,0.445,0.357,2025-11-14,0140,NPP,VIIRS,67,10.1.1_NRT,289.43,10.57,D
30.76805,75.54924,328.03,0.406,0.409,2025-11-12,1355,NPP,VIIRS,94,10.1.1_NRT,291.31,22.15,D
30.43366,76.16642,329.27,0.438,0.392,2025-11-13,1355,NOAA-20,VIIRS,66,10.1.1_NRT,293.34,10.1,D
30.96327,76.42584,327.97,0.403,0.381,2025-11-12,0140,NOAA-20,VIIRS,78,10.1.1_NRT,292.49,18.73,D
30.77301,75.261,328.68,0.42,0.413,2025-11-10,1340,NPP,VIIRS,60,10.1.1_NRT,291.8,11.59,D
22.48636,70.00518,380.39,0.39,0.423,2025-11-13,1340,NOAA-20,VIIRS,93,10.1.1_NRT,307.72,40.02,D
30.74375,75.20038,322.97,0.429,0.364,2025-11-12,0140,NOAA-20,VIIRS,52,10.1.1_NRT,288.79,3.88,D
30.56873,75.4658,320.75,0.405,0.444,2025-11-10,1340,NOAA-20,VIIRS,50,10.1.1_NRT,292.56,8.79,D
23.72323,86.32725,342.46,0.416,0.378,2025-11-12,1340,NPP,VIIRS,92,10.1.1_NRT,300.65,75.36,D
30.7122,76.05431,327.29,0.363,0.447,2025-11-13,1340,NPP,VIIRS,55,10.1.1_NRT,293.57,8.97,D
31.14968,75.09968,337.36,0.379,0.368,2025-11-10,1355,NPP,VIIRS,43,10.1.1_NRT,295.89,14.45,D
23.7449,86.34046,351.0,0.359,0.399,2025-11-13,1340,NPP,VIIRS,97,10.1.1_NRT,299.44,79.5,D
30.45071,76.47189,324.54,0.394,0.376,2025-11-11,1340,NOAA-20,VIIRS,60,10.1.1_NRT,289.49,10.91,D
30.61689,75.24458,320.35,0.364,0.412,2025-11-11,1355,NOAA-20,VIIRS,81,10.1.1_NRT,294.62,17.09,D
22.4643,70.02237,399.91,0.407,0.429,2025-11-10,1355,NOAA-20,VIIRS,91,10.1.1_NRT,307.43,10.08,D
30.74634,75.50276,322.97,0.352,0.384,2025-11-12,0140,NPP,VIIRS,78,10.1.1_NRT,290.4,12.08,D
30.75415,75.50481,338.52,0.396,0.371,2025-11-12,1355,NOAA-20,VIIRS,46,10.1.1_NRT,289.13,24.12,D
30.07114,79.17586,342.18,0.388,0.36,2025-11-14,0140,NPP,VIIRS,60,10.1.1_NRT,302.76,157.4,D
30.66718,75.92491,339.82,0.419,0.367,2025-11-10,0140,NPP,VIIRS,70,10.1.1_NRT,289.94,18.67,D
30.52813,75.22167,319.9,0.396,0.428,2025-11-13,1355,NPP,VIIRS,53,10.1.1_NRT,288.97,11.41,D
22.4651,70.02424,381.12,0.449,0.38,2025-11-11,0140,NOAA-20,VIIRS,93,10.1.1_NRT,306.95,15.37,D
31.1686,75.03921,327.99,0.432,0.449,2025-11-10,1340,NOAA-20,VIIRS,72,10.1.1_NRT,291.56,3.79,D
24.08,85.7,305.39,0.378,0.363,2025-11-12,0140,NPP,VIIRS,20,10.1.1_NRT,286.3,2.0,D
31.16443,75.03865,333.27,0.438,0.364,2025-11-10,1355,NOAA-20,VIIRS,61,10.1.1_NRT,288.82,3.63,D
30.35683,76.13518,335.17,0.432,0.425,2025-11-12,1355,NOAA-20,VIIRS,65,10.1.1_NRT,293.79,3.33,D
30.6676,75.92147,315.17,0.43,0.383,2025-11-11,0140,NOAA-20,VIIRS,47,10.1.1_NRT,291.17,12.53,D
30.9888,75.51467,326.42,0.355,0.431,2025-11-14,1355,NOAA-20,VIIRS,75,10.1.1_NRT,295.82,22.81,D
30.68164,75.69267,336.37,0.359,0.36,2025-11-10,0140,NPP,VIIRS,92,10.1.1_NRT,292.45,6.0,D
30.07417,79.18241,342.34,0.427,0.394,2025-11-11,1355,NOAA-20,VIIRS,84,10.1.1_NRT,304.72,76.6,D
24.3,85.52,324.96,0.356,0.428,2025-11-13,1340,NPP,VIIRS,33,10.1.1_NRT,288.78,6.0,D
30.37353,75.66089,325.2,0.41,0.428,2025-11-12,1355,NPP,VIIRS,70,10.1.1_NRT,288.21,12.32,D
30.07504,79.20722,347.16,0.411,0.426,2025-11-14,0140,NOAA-20,VIIRS,98,10.1.1_NRT,305.52,133.08,D
30.55756,75.14326,334.73,0.392,0.39,2025-11-10,0140,NOAA-20,VIIRS,43,10.1.1_NRT,292.05,2.92,D
23.81371,86.44649,370.1,0.385,0.383,2025-11-12,1355,NOAA-20,VIIRS,98,10.1.1_NRT,300.62,33.9,D
30.81745,75.80768,335.42,0.371,0.424,2025-11-14,1340,NPP,VIIRS,59,10.1.1_NRT,291.51,12.34,D
24.45,85.1,321.57,0.402,0.43,2025-11-13,1340,NPP,VIIRS,36,10.1.1_NRT,287.32,11.0,D
22.46423,70.02431,394.09,0.428,0.373,2025-11-13,0140,NOAA-20,VIIRS,96,10.1.1_NRT,309.89,36.8,D
30.65063,76.13408,320.38,0.421,0.447,2025-11-10,1340,NPP,VIIRS,73,10.1.1_NRT,294.85,18.21,D
23.5,85.02,307.73,0.42,0.399,2025-11-11,1355,NOAA-20,VIIRS,44,10.1.1_NRT,286.66,7.0,D
30.08068,79.18519,358.44,0.358,0.354,2025-11-13,1340,NOAA-20,VIIRS,70,10.1.1_NRT,302.61,123.33,D
30.56939,75.30221,337.35,0.413,0.434,2025-11-13,1340,NPP,VIIRS,83,10.1.1_NRT,294.1,21.61,D
23.73117,86.32433,343.29,0.362,0.447,2025-11-10,0140,NPP,VIIRS,89,10.1.1_NRT,303.89,75.26,D
23.80287,86.42151,358.13,0.446,0.361,2025-11-11,1340,NPP,VIIRS,95,10.1.1_NRT,302.49,47.1,D
30.05857,79.17793,343.59,0.368,0.406,2025-11-13,0140,NOAA-20,VIIRS,91,10.1.1_NRT,301.22,117.38,D
30.65823,76.49439,339.45,0.42,0.393,2025-11-12,0140,NOAA-20,VIIRS,91,10.1.1_NRT,290.7,3.73,D
30.48147,76.46347,324.6,0.375,0.414,2025-11-13,1355,NPP,VIIRS,72,10.1.1_NRT,295.71,19.31,D
23.80571,86.42989,348.73,0.422,0.448,2025-11-13,1340,NOAA-20,VIIRS,95,10.1.1_NRT,299.11,29.51,D
30.08959,79.17107,345.33,0.358,0.443,2025-11-14,1340,NPP,VIIRS,64,10.1.1_NRT,304.59,147.05,D
23.73327,86.32103,348.74,0.413,0.377,2025-11-14,0140,NOAA-20,VIIRS,88,10.1.1_NRT,299.48,73.3,D
30.08821,79.17565,344.14,0.437,0.42,2025-11-13,1355,NOAA-20,VIIRS,80,10.1.1_NRT,304.07,138.05,D
30.50013,75.84845,329.1,0.396,0.409,2025-11-12,0140,NPP,VIIRS,51,10.1.1_NRT,290.43,2.18,D
22.48325,70.00604,377.55,0.424,0.403,2025-11-10,1340,NPP,VIIRS,92,10.1.1_NRT,307.3,16.8,D
23.72554,86.32412,342.96,0.391,0.433,2025-11-11,1340,NOAA-20,VIIRS,93,10.1.1_NRT,302.49,77.39,D
30.0768,79.21072,342.62,0.407,0.407,2025-11-12,1340,NPP,VIIRS,77,10.1.1_NRT,304.54,104.23,D
30.07153,79.17856,346.97,0.419,0.365,2025-11-12,1355,NOAA-20,VIIRS,78,10.1.1_NRT,301.16,83.94,D
23.74431,86.33555,345.7,0.41,0.399,2025-11-13,1340,NPP,VIIRS,92,10.1.1_NRT,298.92,50.49,D
30.67237,76.4086,329.11,0.436,0.413,2025-11-11,0140,NOAA-20,VIIRS,90,10.1.1_NRT,293.08,12.32,D
23.82294,86.4414,350.09,0.412,0.4,2025-11-13,1340,NOAA-20,VIIRS,87,10.1.1_NRT,300.77,51.8,D
30.79055,76.17242,322.5,0.429,0.401,2025-11-12,0140,NPP,VIIRS,55,10.1.1_NRT,289.26,14.65,D
30.70696,76.04903,327.67,0.367,0.438,2025-11-14,0140,NPP,VIIRS,57,10.1.1_NRT,289.09,5.66,D
30.04697,79.20993,337.63,0.414,0.394,2025-11-13,0140,NPP,VIIRS,62,10.1.1_NRT,304.27,88.0,D
30.86213,75.41178,316.95,0.414,0.446,2025-11-12,1355,NPP,VIIRS,58,10.1.1_NRT,290.77,13.41,D
30.06949,79.18081,342.51,0.424,0.362,2025-11-10,0140,NPP,VIIRS,62,10.1.1_NRT,301.06,65.08,D
30.43104,75.11333,339.25,0.39,0.373,2025-11-13,1340,NOAA-20,VIIRS,53,10.1.1_NRT,288.4,13.31,D
30.3508,75.41428,315.94,0.41,0.365,2025-11-12,0140,NPP,VIIRS,88,10.1.1_NRT,290.69,21.21,D
30.74981,75.50013,319.36,0.446,0.373,2025-11-13,0140,NOAA-20,VIIRS,53,10.1.1_NRT,289.28,24.63,D
23.75572,86.35694,355.37,0.433,0.408,2025-11-14,0140,NPP,VIIRS,97,10.1.1_NRT,298.45,46.92,D
30.08612,79.1846,341.96,0.445,0.386,2025-11-12,1340,NOAA-20,VIIRS,67,10.1.1_NRT,300.4,74.94,D
30.07184,79.20008,337.03,0.44,0.369,2025-11-11,1355,NOAA-20,VIIRS,79,10.1.1_NRT,304.82,76.58,D
23.7342,86.32004,341.13,0.406,0.442,2025-11-13,0140,NPP,VIIRS,92,10.1.1_NRT,299.31,104.98,D
30.78386,75.91967,315.71,0.415,0.427,2025-11-12,0140,NOAA-20,VIIRS,85,10.1.1_NRT,288.36,14.96,D
30.07258,79.17766,351.89,0.366,0.446,2025-11-13,0140,NPP,VIIRS,84,10.1.1_NRT,302.03,105.43,D
23.81665,86.45083,357.4,0.423,0.41,2025-11-11,0140,NOAA-20,VIIRS,85,10.1.1_NRT,300.63,36.81,D
30.6694,75.92766,318.4,0.398,0.368,2025-11-11,0140,NPP,VIIRS,93,10.1.1_NRT,290.57,21.77,D
30.42226,75.99664,322.38,0.411,0.414,2025-11-12,1340,NPP,VIIRS,58,10.1.1_NRT,293.4,2.32,D
30.67276,75.92446,321.9,0.375,0.375,2025-11-10,1340,NOAA-20,VIIRS,49,10.1.1_NRT,290.4,5.36,D
30.57583,75.46659,327.64,0.416,0.352,2025-11-11,0140,NOAA-20,VIIRS,40,10.1.1_NRT,290.99,18.26,D
30.07046,79.18379,345.24,0.368,0.426,2025-11-14,0140,NOAA-20,VIIRS,94,10.1.1_NRT,302.95,101.43,D
30.68443,75.68365,320.56,0.419,0.444,2025-11-10,1355,NOAA-20,VIIRS,82,10.1.1_NRT,289.59,3.42,D
30.67032,75.92341,339.19,0.378,0.429,2025-11-11,1355,NOAA-20,VIIRS,74,10.1.1_NRT,294.26,18.9,D
22.47913,70.04704,390.59,0.43,0.361,2025-11-14,1340,NOAA-20,VIIRS,98,10.1.1_NRT,307.11,36.65,D
30.10612,79.18413,342.64,0.39,0.419,2025-11-14,1355,NPP,VIIRS,70,10.1.1_NRT,304.71,97.52,D
30.39596,76.04043,317.95,0.419,0.401,2025-11-13,1340,NOAA-20,VIIRS,47,10.1.1_NRT,290.44,3.95,D
30.74426,75.19289,334.45,0.432,0.43,2025-11-11,1355,NPP,VIIRS,82,10.1.1_NRT,292.02,12.13,D
30.07899,79.18998,339.91,0.435,0.443,2025-11-12,0140,NPP,VIIRS,91,10.1.1_NRT,300.69,77.78,D
30.67306,76.41657,321.87,0.381,0.395,2025-11-11,0140,NPP,VIIRS,56,10.1.1_NRT,288.45,12.17,D
30.43458,76.16341,318.08,0.446,0.35,2025-11-11,1355,NPP,VIIRS,76,10.1.1_NRT,295.13,16.56,D
30.09009,79.17773,338.71,0.381,0.415,2025-11-14,1340,NPP,VIIRS,66,10.1.1_NRT,305.44,113.11,D
23.8029,86.42263,351.61,0.381,0.408,2025-11-13,1340,NPP,VIIRS,90,10.1.1_NRT,298.56,28.61,D
30.06338,79.194,345.61,0.446,0.364,2025-11-12,1355,NOAA-20,VIIRS,91,10.1.1_NRT,300.82,69.47,D
30.56815,75.30013,335.34,0.403,0.41,2025-11-11,0140,NOAA-20,VIIRS,83,10.1.1_NRT,294.44,16.17,D
30.08068,79.20315,337.81,0.412,0.417,2025-11-13,0140,NPP,VIIRS,80,10.1.1_NRT,300.2,106.17,D
22.46709,70.02199,387.95,0.44,0.415,2025-11-13,0140,NPP,VIIRS,97,10.1.1_NRT,309.07,15.03,D
30.07784,79.15661,349.43,0.408,0.362,2025-11-13,1355,NPP,VIIRS,67,10.1.1_NRT,303.26,119.86,D
23.74017,86.33459,348.12,0.409,0.351,2025-11-14,1340,NPP,VIIRS,89,10.1.1_NRT,299.49,69.56,D
30.07116,79.17689,345.09,0.415,0.358,2025-11-12,1355,NPP,VIIRS,82,10.1.1_NRT,304.65,71.27,D
30.07029,79.17029,338.86,0.431,0.422,2025-11-14,1340,NPP,VIIRS,99,10.1.1_NRT,301.08,137.48,D
30.96614,76.4257,336.69,0.411,0.369,2025-11-13,0140,NOAA-20,VIIRS,77,10.1.1_NRT,293.45,14.56,D
30.40054,76.04224,338.8,0.446,0.401,2025-11-14,1340,NOAA-20,VIIRS,87,10.1.1_NRT,291.88,16.25,D
30.07484,79.1882,355.1,0.448,0.378,2025-11-14,1340,NPP,VIIRS,83,10.1.1_NRT,305.78,155.93,D
30.06034,79.18766,352.08,0.412,0.401,2025-11-13,0140,NPP,VIIRS,92,10.1.1_NRT,300.86,105.01,D
23.7309,86.32654,353.22,0.419,0.421,2025-11-14,1340,NOAA-20,VIIRS,87,10.1.1_NRT,301.24,83.17,D
30.72241,76.3053,316.19,0.356,0.434,2025-11-13,0140,NOAA-20,VIIRS,56,10.1.1_NRT,291.36,8.63,D
30.96875,75.03213,339.22,0.428,0.395,2025-11-11,0140,NOAA-20,VIIRS,72,10.1.1_NRT,290.61,16.12,D
30.86605,75.41523,338.72,0.367,0.447,2025-11-11,1355,NOAA-20,VIIRS,48,10.1.1_NRT,294.33,5.14,D
31.13672,75.98168,338.89,0.393,0.423,2025-11-13,0140,NPP,VIIRS,52,10.1.1_NRT,294.99,18.65,D
30.66486,75.29339,325.02,0.404,0.429,2025-11-10,0140,NOAA-20,VIIRS,66,10.1.1_NRT,292.05,24.79,D
23.7578,86.36809,361.01,0.351,0.412,2025-11-13,1355,NPP,VIIRS,91,10.1.1_NRT,302.03,48.62,D
30.36278,76.13727,325.4,0.426,0.418,2025-11-11,1355,NPP,VIIRS,73,10.1.1_NRT,292.39,19.2,D
30.06481,79.17792,341.77,0.441,0.435,2025-11-12,0140,NOAA-20,VIIRS,73,10.1.1_NRT,304.49,95.27,D
30.06963,79.16385,354.22,0.391,0.368,2025-11-14,1355,NOAA-20,VIIRS,89,10.1.1_NRT,304.69,96.2,D
24.15,84.05,318.76,0.43,0.41,2025-11-10,1355,NOAA-20,VIIRS,31,10.1.1_NRT,288.95,8.0,D
30.8726,76.05513,315.2,0.423,0.426,2025-11-13,1340,NOAA-20,VIIRS,55,10.1.1_NRT,288.86,17.47,D
22.47784,70.04862,375.18,0.353,0.438,2025-11-11,1340,NOAA-20,VIIRS,96,10.1.1_NRT,309.76,32.88,D
23.81215,86.44874,345.14,0.393,0.404,2025-11-11,0140,NPP,VIIRS,96,10.1.1_NRT,301.75,48.69,D
30.9776,75.51184,339.33,0.366,0.405,2025-11-13,1355,NOAA-20,VIIRS,85,10.1.1_NRT,290.86,19.89,D
30.56947,75.2996,320.45,0.377,0.433,2025-11-12,1340,NOAA-20,VIIRS,69,10.1.1_NRT,291.44,3.46,D
30.03635,79.18896,337.53,0.425,0.395,2025-11-13,1340,NPP,VIIRS,94,10.1.1_NRT,302.39,78.68,D
30.40097,76.03441,317.86,0.431,0.421,2025-11-13,1355,NPP,VIIRS,61,10.1.1_NRT,290.82,10.94,D
31.0647,76.13826,320.56,0.401,0.435,2025-11-10,1355,NOAA-20,VIIRS,79,10.1.1_NRT,292.28,6.37,D
30.73475,75.63398,318.43,0.402,0.428,2025-11-10,1355,NOAA-20,VIIRS,40,10.1.1_NRT,288.09,6.04,D
23.72514,86.32024,356.19,0.365,0.355,2025-11-12,1355,NPP,VIIRS,88,10.1.1_NRT,299.41,116.4,D
30.82028,75.79986,327.38,0.377,0.404,2025-11-13,0140,NPP,VIIRS,82,10.1.1_NRT,292.09,15.01,D
30.79255,75.92721,326.66,0.36,0.379,2025-11-14,1340,NPP,VIIRS,57,10.1.1_NRT,290.14,14.92,D
30.57686,75.31252,338.81,0.364,0.425,2025-11-11,0140,NPP,VIIRS,71,10.1.1_NRT,292.12,8.73,D
30.40572,75.39494,327.98,0.358,0.41,2025-11-12,0140,NOAA-20,VIIRS,90,10.1.1_NRT,294.41,13.44,D
30.04731,79.19825,345.53,0.393,0.375,2025-11-13,0140,NPP,VIIRS,96,10.1.1_NRT,302.1,75.99,D
23.82539,86.4452,343.3,0.426,0.368,2025-11-12,0140,NPP,VIIRS,96,10.1.1_NRT,304.0,23.05,D
23.74012,86.34,366.01,0.366,0.388,2025-11-11,0140,NPP,VIIRS,93,10.1.1_NRT,301.89,57.3,D
30.74629,75.49974,334.31,0.384,0.352,2025-11-12,0140,NPP,VIIRS,61,10.1.1_NRT,292.71,12.25,D
30.89329,75.50931,323.16,0.444,0.364,2025-11-12,1340,NPP,VIIRS,85,10.1.1_NRT,291.62,11.04,D
30.45187,76.46873,332.08,0.433,0.376,2025-11-12,0140,NPP,VIIRS,44,10.1.1_NRT,289.62,2.98,D
23.82103,86.44564,344.02,0.388,0.442,2025-11-13,1355,NPP,VIIRS,88,10.1.1_NRT,300.89,36.04,D
23.74259,86.3434,348.43,0.431,0.351,2025-11-10,1355,NOAA-20,VIIRS,88,10.1.1_NRT,302.21,44.12,D
30.69073,75.69226,325.83,0.388,0.393,2025-11-11,1355,NPP,VIIRS,90,10.1.1_NRT,293.8,3.16,D
30.06934,79.18106,333.09,0.428,0.382,2025-11-10,0140,NPP,VIIRS,82,10.1.1_NRT,301.81,50.0,D
30.07478,79.15223,348.54,0.43,0.394,2025-11-14,1355,NPP,VIIRS,79,10.1.1_NRT,303.2,102.82,D
30.09198,79.18044,343.4,0.372,0.411,2025-11-13,0140,NPP,VIIRS,92,10.1.1_NRT,304.32,99.27,D
30.07837,79.15828,341.86,0.362,0.357,2025-11-14,0140,NOAA-20,VIIRS,94,10.1.1_NRT,302.76,148.65,D
23.8142,86.44007,358.09,0.395,0.381,2025-11-12,1355,NPP,VIIRS,96,10.1.1_NRT,299.73,32.94,D
23.73872,86.3361,351.94,0.413,0.429,2025-11-12,1340,NPP,VIIRS,97,10.1.1_NRT,300.96,65.89,D
31.05914,76.14749,323.57,0.382,0.422,2025-11-12,1355,NPP,VIIRS,94,10.1.1_NRT,295.9,5.47,D
30.07072,79.19174,343.49,0.447,0.406,2025-11-14,0140,NOAA-20,VIIRS,70,10.1.1_NRT,303.23,113.23,D
30.34717,75.40313,333.47,0.415,0.392,2025-11-11,0140,NPP,VIIRS,85,10.1.1_NRT,293.48,17.41,D
30.34869,75.4106,334.15,0.358,0.434,2025-11-12,1340,NPP,VIIRS,58,10.1.1_NRT,289.54,23.88,D
22.47671,70.04968,392.75,0.359,0.389,2025-11-10,1355,NOAA-20,VIIRS,98,10.1.1_NRT,308.9,39.83,D
23.8161,86.45224,343.74,0.416,0.366,2025-11-11,1340,NOAA-20,VIIRS,93,10.1.1_NRT,303.69,29.33,D
30.37576,75.65744,317.14,0.358,0.365,2025-11-12,1340,NPP,VIIRS,76,10.1.1_NRT,292.95,17.63,D
22.47939,70.04856,385.19,0.372,0.394,2025-11-12,1355,NOAA-20,VIIRS,90,10.1.1_NRT,308.46,38.85,D
30.86714,75.40885,316.84,0.382,0.445,2025-11-13,1355,NPP,VIIRS,48,10.1.1_NRT,294.77,17.8,D
30.84136,76.04469,334.23,0.447,0.414,2025-11-10,1340,NPP,VIIRS,68,10.1.1_NRT,294.59,18.53,D
30.70827,76.05768,337.24,0.425,0.442,2025-11-12,1340,NPP,VIIRS,42,10.1.1_NRT,290.65,17.95,D
24.62,86.42,321.15,0.391,0.435,2025-11-14,1355,NOAA-20,VIIRS,45,10.1.1_NRT,290.11,4.0,D
30.9711,76.42575,333.03,0.432,0.374,2025-11-12,1355,NPP,VIIRS,68,10.1.1_NRT,294.2,13.05,D
30.98824,75.5085,315.32,0.365,0.359,2025-11-13,1340,NOAA-20,VIIRS,52,10.1.1_NRT,288.71,13.06,D
30.08374,79.18965,343.03,0.439,0.351,2025-11-13,1355,NOAA-20,VIIRS,79,10.1.1_NRT,302.44,112.71,D
30.67565,76.41269,323.04,0.395,0.431,2025-11-13,1340,NPP,VIIRS,75,10.1.1_NRT,291.81,20.63,D
30.07584,79.18938,347.94,0.372,0.371,2025-11-11,0140,NOAA-20,VIIRS,76,10.1.1_NRT,302.5,83.65,D
31.07811,75.19748,315.79,0.356,0.351,2025-11-12,1355,NOAA-20,VIIRS,75,10.1.1_NRT,291.24,24.81,D
22.48433,70.00433,399.68,0.393,0.424,2025-11-13,1340,NPP,VIIRS,97,10.1.1_NRT,307.9,17.43,D
30.04072,79.14677,338.82,0.42,0.376,2025-11-14,1355,NPP,VIIRS,80,10.1.1_NRT,301.89,121.85,D
22.46666,70.02223,406.67,0.367,0.38,2025-11-10,0140,NOAA-20,VIIRS,97,10.1.1_NRT,309.04,16.42,D
31.05817,76.14476,316.78,0.437,0.388,2025-11-11,0140,NPP,VIIRS,91,10.1.1_NRT,295.12,15.42,D
30.07142,79.20337,340.66,0.439,0.435,2025-11-12,0140,NPP,VIIRS,63,10.1.1_NRT,304.4,91.54,D
22.46432,70.02251,401.43,0.37,0.429,2025-11-14,1355,NPP,VIIRS,96,10.1.1_NRT,309.64,12.86,D
30.70531,76.05469,324.01,0.401,0.414,2025-11-14,1355,NOAA-20,VIIRS,42,10.1.1_NRT,289.59,2.76,D
30.33203,75.38685,335.71,0.397,0.352,2025-11-11,0140,NOAA-20,VIIRS,58,10.1.1_NRT,292.26,8.88,D
30.06631,79.20203,335.4,0.437,0.414,2025-11-14,0140,NPP,VIIRS,71,10.1.1_NRT,300.47,131.24,D
30.68846,75.68828,339.93,0.431,0.359,2025-11-10,0140,NOAA-20,VIIRS,44,10.1.1_NRT,289.58,23.1,D
31.16525,75.03893,316.29,0.393,0.359,2025-11-10,0140,NPP,VIIRS,75,10.1.1_NRT,293.0,17.28,D
22.46744,70.02364,383.94,0.414,0.392,2025-11-11,1355,NOAA-20,VIIRS,98,10.1.1_NRT,307.77,13.85,D
30.08586,79.20917,341.8,0.371,0.37,2025-11-14,1340,NOAA-20,VIIRS,89,10.1.1_NRT,304.42,139.29,D
22.48342,70.00492,389.68,0.357,0.358,2025-11-11,1355,NOAA-20,VIIRS,96,10.1.1_NRT,308.74,22.86,D
30.98488,75.51506,336.96,0.361,0.39,2025-11-14,1355,NPP,VIIRS,74,10.1.1_NRT,288.74,12.07,D
30.05842,79.17759,342.75,0.378,0.386,2025-11-12,1340,NOAA-20,VIIRS,88,10.1.1_NRT,301.88,92.49,D
24.32,84.76,313.24,0.384,0.397,2025-11-12,1340,NPP,VIIRS,20,10.1.1_NRT,286.93,5.0,D
23.72955,86.32648,349.63,0.411,0.422,2025-11-13,1355,NOAA-20,VIIRS,98,10.1.1_NRT,301.35,66.63,D
30.09984,79.18741,339.09,0.385,0.432,2025-11-14,0140,NOAA-20,VIIRS,96,10.1.1_NRT,304.36,149.19,D
30.66995,76.41777,317.26,0.408,0.445,2025-11-12,1355,NOAA-20,VIIRS,93,10.1.1_NRT,292.75,16.83,D
30.35769,76.12721,332.26,0.411,0.372,2025-11-11,1355,NOAA-20,VIIRS,82,10.1.1_NRT,293.11,22.42,D
30.75978,75.54571,316.68,0.374,0.354,2025-11-11,1355,NPP,VIIRS,53,10.1.1_NRT,292.75,22.45,D
30.57474,75.11458,339.24,0.373,0.374,2025-11-14,0140,NOAA-20,VIIRS,79,10.1.1_NRT,292.88,10.38,D
30.36239,76.13437,316.95,0.407,0.365,2025-11-12,1340,NPP,VIIRS,78,10.1.1_NRT,292.51,12.28,D
30.69788,76.05599,331.14,0.424,0.426,2025-11-13,1340,NOAA-20,VIIRS,62,10.1.1_NRT,289.5,8.2,D
30.7858,75.92807,318.99,0.369,0.366,2025-11-14,0140,NOAA-20,VIIRS,87,10.1.1_NRT,290.62,7.71,D
30.61396,75.24041,338.38,0.426,0.379,2025-11-12,1355,NPP,VIIRS,62,10.1.1_NRT,295.03,23.37,D
31.07957,75.20307,329.15,0.373,0.44,2025-11-12,1340,NPP,VIIRS,83,10.1.1_NRT,294.86,11.98,D
23.75594,86.37074,357.67,0.414,0.376,2025-11-14,1340,NPP,VIIRS,85,10.1.1_NRT,302.98,59.64,D
30.76522,75.25337,334.28,0.416,0.415,2025-11-10,0140,NPP,VIIRS,75,10.1.1_NRT,292.99,10.63,D
30.67856,75.69255,318.72,0.415,0.4,2025-11-11,0140,NPP,VIIRS,64,10.1.1_NRT,292.91,8.32,D
30.56968,75.30421,324.38,0.402,0.378,2025-11-12,1340,NOAA-20,VIIRS,74,10.1.1_NRT,288.6,16.55,D
30.57762,75.4767,328.1,0.426,0.391,2025-11-11,1340,NPP,VIIRS,92,10.1.1_NRT,294.71,24.78,D
30.79233,75.9268,319.22,0.416,0.422,2025-11-12,1340,NPP,VIIRS,67,10.1.1_NRT,295.53,14.27,D
30.05855,79.19818,335.58,0.386,0.351,2025-11-12,0140,NOAA-20,VIIRS,80,10.1.1_NRT,300.8,63.73,D
30.61323,75.24441,335.46,0.354,0.446,2025-11-11,1340,NOAA-20,VIIRS,93,10.1.1_NRT,295.64,10.73,D
30.79393,75.92597,330.17,0.423,0.436,2025-11-13,0140,NOAA-20,VIIRS,51,10.1.1_NRT,290.5,13.14,D
23.80798,86.42734,348.74,0.365,0.431,2025-11-14,1355,NPP,VIIRS,86,10.1.1_NRT,298.39,44.4,D
30.4283,75.99749,319.62,0.351,0.388,2025-11-13,1355,NPP,VIIRS,76,10.1.1_NRT,289.12,3.99,D
30.3714,75.96176,325.84,0.45,0.399,2025-11-12,1340,NOAA-20,VIIRS,68,10.1.1_NRT,293.49,13.97,D
30.45633,76.46731,339.57,0.445,0.367,2025-11-12,1355,NPP,VIIRS,71,10.1.1_NRT,289.18,13.89,D
30.10255,79.16877,347.31,0.409,0.396,2025-11-14,0140,NPP,VIIRS,77,10.1.1_NRT,305.61,89.97,D
30.36472,75.95813,323.61,0.367,0.432,2025-11-11,1355,NOAA-20,VIIRS,78,10.1.1_NRT,289.03,7.72,D
30.50284,75.8486,332.79,0.42,0.387,2025-11-13,1340,NOAA-20,VIIRS,94,10.1.1_NRT,288.74,3.38,D
23.80015,86.42882,355.48,0.375,0.362,2025-11-13,0140,NOAA-20,VIIRS,91,10.1.1_NRT,299.98,30.83,D
30.7029,75.20309,316.82,0.398,0.437,2025-11-11,0140,NPP,VIIRS,42,10.1.1_NRT,294.44,15.91,D
30.68388,75.59817,329.08,0.368,0.354,2025-11-11,1355,NOAA-20,VIIRS,70,10.1.1_NRT,289.51,23.79,D
23.75431,86.36129,353.33,0.387,0.366,2025-11-13,1355,NPP,VIIRS,97,10.1.1_NRT,298.79,38.03,D
30.50157,75.63386,339.5,0.386,0.43,2025-11-14,1340,NOAA-20,VIIRS,55,10.1.1_NRT,295.58,24.96,D
30.55156,75.13814,316.98,0.389,0.413,2025-11-10,1340,NOAA-20,VIIRS,44,10.1.1_NRT,295.37,5.51,D
23.80176,86.42351,345.99,0.435,0.433,2025-11-12,0140,NOAA-20,VIIRS,93,10.1.1_NRT,300.79,53.42,D
30.47478,76.46074,332.26,0.371,0.411,2025-11-14,0140,NOAA-20,VIIRS,82,10.1.1_NRT,294.78,15.97,D
23.7574,86.36004,355.37,0.449,0.377,2025-11-10,1340,NPP,VIIRS,87,10.1.1_NRT,300.41,42.03,D
23.80978,86.44657,346.36,0.432,0.378,2025-11-13,1355,NOAA-20,VIIRS,89,10.1.1_NRT,302.74,41.61,D
30.65917,75.29268,323.29,0.36,0.372,2025-11-11,1340,NPP,VIIRS,93,10.1.1_NRT,294.37,16.88,D
23.75781,86.36607,353.31,0.447,0.443,2025-11-10,0140,NPP,VIIRS,86,10.1.1_NRT,302.85,50.41,D
30.67975,75.59414,337.93,0.446,0.387,2025-11-11,0140,NOAA-20,VIIRS,72,10.1.1_NRT,294.19,2.5,D
30.43041,76.16817,324.62,0.377,0.446,2025-11-12,0140,NPP,VIIRS,67,10.1.1_NRT,295.84,22.3,D
30.78864,76.16426,316.85,0.45,0.431,2025-11-11,0140,NOAA-20,VIIRS,47,10.1.1_NRT,289.38,6.6,D
23.75725,86.36367,367.0,0.418,0.417,2025-11-14,1340,NPP,VIIRS,97,10.1.1_NRT,302.78,41.38,D
30.56673,75.47047,325.35,0.352,0.405,2025-11-10,1340,NPP,VIIRS,60,10.1.1_NRT,292.5,23.03,D
30.66229,75.28793,317.73,0.367,0.411,2025-11-11,0140,NOAA-20,VIIRS,90,10.1.1_NRT,289.99,15.66,D
30.0811,79.22564,346.28,0.406,0.4,2025-11-14,1340,NPP,VIIRS,76,10.1.1_NRT,300.03,109.25,D
23.7557,86.35842,350.45,0.388,0.354,2025-11-14,1340,NPP,VIIRS,88,10.1.1_NRT,303.18,62.11,D
30.08179,79.16579,339.85,0.368,0.4,2025-11-14,0140,NPP,VIIRS,65,10.1.1_NRT,304.8,135.86,D
23.73347,86.32445,341.43,0.399,0.374,2025-11-12,0140,NOAA-20,VIIRS,87,10.1.1_NRT,303.32,86.96,D
30.42085,75.79882,333.52,0.392,0.422,2025-11-14,1355,NPP,VIIRS,90,10.1.1_NRT,291.35,14.72,D
30.10054,79.18873,327.83,0.36,0.356,2025-11-14,1340,NOAA-20,VIIRS,68,10.1.1_NRT,304.2,104.06,D
23.74771,86.33762,348.81,0.431,0.39,2025-11-11,1340,NPP,VIIRS,88,10.1.1_NRT,303.06,44.63,D
23.72616,86.32193,358.72,0.383,0.42,2025-11-11,1355,NOAA-20,VIIRS,92,10.1.1_NRT,302.32,73.39,D
30.35042,75.4131,331.4,0.381,0.388,2025-11-11,1340,NPP,VIIRS,57,10.1.1_NRT,293.3,23.09,D
30.49792,76.19969,326.94,0.423,0.445,2025-11-13,0140,NPP,VIIRS,63,10.1.1_NRT,288.04,11.88,D
23.75913,86.35661,343.56,0.443,0.36,2025-11-13,1340,NOAA-20,VIIRS,94,10.1.1_NRT,301.92,28.51,D
30.49831,75.63805,330.07,0.385,0.354,2025-11-14,0140,NOAA-20,VIIRS,56,10.1.1_NRT,291.41,17.2,D
30.66764,75.59186,339.79,0.431,0.42,2025-11-10,1340,NOAA-20,VIIRS,91,10.1.1_NRT,289.39,10.93,D
30.42284,75.11222,330.94,0.415,0.396,2025-11-14,0140,NPP,VIIRS,92,10.1.1_NRT,295.12,20.21,D
30.40063,75.64949,320.53,0.415,0.401,2025-11-10,1340,NOAA-20,VIIRS,51,10.1.1_NRT,289.8,19.94,D
30.05892,79.18387,339.81,0.4,0.389,2025-11-14,1355,NPP,VIIRS,79,10.1.1_NRT,303.15,128.01,D
23.80526,86.41823,352.16,0.406,0.372,2025-11-11,1340,NPP,VIIRS,91,10.1.1_NRT,298.91,42.48,D
30.06015,79.20301,343.48,0.391,0.37,2025-11-14,1355,NOAA-20,VIIRS,74,10.1.1_NRT,301.66,136.09,D
30.44345,76.16746,327.71,0.423,0.363,2025-11-12,1340,NPP,VIIRS,66,10.1.1_NRT,295.37,21.29,D
30.05803,79.18351,361.38,0.417,0.427,2025-11-11,1340,NPP,VIIRS,85,10.1.1_NRT,303.23,85.4,D
22.48365,70.00545,386.15,0.36,0.42,2025-11-12,1355,NOAA-20,VIIRS,94,10.1.1_NRT,308.39,29.66,D
23.7562,86.36652,356.47,0.436,0.355,2025-11-10,1355,NOAA-20,VIIRS,90,10.1.1_NRT,301.95,44.79,D
22.46736,70.02252,387.32,0.425,0.384,2025-11-14,1355,NOAA-20,VIIRS,98,10.1.1_NRT,309.66,26.57,D
23.81873,86.4484,350.11,0.421,0.42,2025-11-11,1355,NOAA-20,VIIRS,85,10.1.1_NRT,301.56,45.48,D
23.76324,86.3653,363.13,0.392,0.408,2025-11-12,0140,NPP,VIIRS,93,10.1.1_NRT,301.42,31.06,D
23.73245,86.33424,350.86,0.411,0.401,2025-11-10,0140,NOAA-20,VIIRS,96,10.1.1_NRT,300.61,84.29,D
30.3616,75.45179,323.04,0.41,0.353,2025-11-14,1340,NOAA-20,VIIRS,71,10.1.1_NRT,290.16,9.91,D
23.8051,86.42045,353.48,0.372,0.357,2025-11-10,0140,NOAA-20,VIIRS,85,10.1.1_NRT,298.12,41.96,D
23.80517,86.43247,347.26,0.385,0.376,2025-11-13,1355,NPP,VIIRS,87,10.1.1_NRT,298.17,36.32,D
30.38938,75.64337,339.16,0.38,0.361,2025-11-11,0140,NOAA-20,VIIRS,94,10.1.1_NRT,294.72,2.17,D
30.66874,75.30797,315.67,0.394,0.379,2025-11-10,0140,NPP,VIIRS,82,10.1.1_NRT,293.82,6.14,D
31.15024,75.98805,325.95,0.436,0.438,2025-11-12,1355,NPP,VIIRS,71,10.1.1_NRT,292.89,13.1,D
30.7892,75.92372,331.05,0.38,0.357,2025-11-13,1340,NOAA-20,VIIRS,70,10.1.1_NRT,290.42,22.45,D
30.06806,79.17727,333.5,0.409,0.44,2025-11-13,1355,NOAA-20,VIIRS,86,10.1.1_NRT,303.42,100.98,D
30.45454,76.46845,316.36,0.432,0.413,2025-11-10,1340,NOAA-20,VIIRS,67,10.1.1_NRT,288.03,14.64,D
30.49562,75.84424,334.01,0.352,0.404,2025-11-12,1340,NOAA-20,VIIRS,89,10.1.1_NRT,289.96,6.49,D
30.36973,75.44788,323.94,0.36,0.416,2025-11-14,1340,NPP,VIIRS,65,10.1.1_NRT,292.67,20.6,D
30.42301,75.11632,326.18,0.36,0.391,2025-11-13,1355,NPP,VIIRS,87,10.1.1_NRT,288.95,12.31,D
30.96848,75.03546,322.48,0.418,0.404,2025-11-11,0140,NOAA-20,VIIRS,91,10.1.1_NRT,292.51,20.88,D
30.87257,75.41014,339.13,0.442,0.447,2025-11-11,0140,NOAA-20,VIIRS,94,10.1.1_NRT,288.26,11.01,D
23.7298,86.32094,358.05,0.383,0.436,2025-11-10,1340,NOAA-20,VIIRS,94,10.1.1_NRT,299.37,75.74,D
30.60859,75.24161,320.81,0.392,0.434,2025-11-12,1340,NPP,VIIRS,75,10.1.1_NRT,293.91,19.68,D
30.72762,76.29975,337.65,0.405,0.423,2025-11-13,1340,NPP,VIIRS,73,10.1.1_NRT,288.15,12.79,D
30.69634,75.21013,333.54,0.42,0.42,2025-11-12,1355,NPP,VIIRS,50,10.1.1_NRT,293.98,6.87,D
23.74072,86.33868,365.54,0.418,0.361,2025-11-12,0140,NPP,VIIRS,97,10.1.1_NRT,301.17,33.52,D
22.477,70.04643,380.46,0.364,0.445,2025-11-12,1355,NPP,VIIRS,95,10.1.1_NRT,309.64,38.48,D
31.12875,75.90951,334.87,0.407,0.449,2025-11-14,1355,NOAA-20,VIIRS,59,10.1.1_NRT,288.63,7.81,D
30.88812,75.51476,322.85,0.395,0.396,2025-11-12,1355,NPP,VIIRS,64,10.1.1_NRT,288.97,4.43,D
23.74184,86.33501,354.14,0.353,0.359,2025-11-10,0140,NOAA-20,VIIRS,86,10.1.1_NRT,302.44,63.21,D
30.57495,75.30133,315.06,0.423,0.396,2025-11-12,0140,NPP,VIIRS,58,10.1.1_NRT,294.19,23.86,D
30.69685,75.20364,326.66,0.386,0.438,2025-11-12,1355,NOAA-20,VIIRS,55,10.1.1_NRT,293.19,9.4,D
30.07813,79.18582,348.72,0.354,0.443,2025-11-10,1340,NPP,VIIRS,73,10.1.1_NRT,305.08,57.54,D
30.79614,76.18148,316.92,0.381,0.378,2025-11-11,1355,NOAA-20,VIIRS,64,10.1.1_NRT,289.1,10.53,D
30.87728,76.05821,339.67,0.37,0.401,2025-11-14,1355,NPP,VIIRS,60,10.1.1_NRT,292.46,4.22,D
30.57022,75.30357,332.54,0.433,0.426,2025-11-11,1340,NOAA-20,VIIRS,76,10.1.1_NRT,289.06,8.38,D
30.0789,79.18095,325.19,0.387,0.354,2025-11-12,1355,NOAA-20,VIIRS,69,10.1.1_NRT,300.24,81.6,D
30.68286,75.59895,323.29,0.422,0.442,2025-11-11,1340,NOAA-20,VIIRS,66,10.1.1_NRT,292.91,2.46,D
23.72781,86.33128,348.15,0.386,0.357,2025-11-11,0140,NPP,VIIRS,98,10.1.1_NRT,301.23,119.87,D
23.8134,86.44068,340.49,0.437,0.354,2025-11-14,1355,NOAA-20,VIIRS,93,10.1.1_NRT,300.28,46.12,D
30.44946,76.46641,339.43,0.428,0.397,2025-11-10,1340,NOAA-20,VIIRS,75,10.1.1_NRT,291.79,6.76,D
31.06446,76.14095,325.51,0.409,0.396,2025-11-10,1355,NOAA-20,VIIRS,87,10.1.1_NRT,295.09,7.14,D
30.8424,76.03099,328.78,0.4,0.437,2025-11-11,1340,NOAA-20,VIIRS,85,10.1.1_NRT,292.7,4.95,D
31.16252,75.03298,330.26,0.413,0.365,2025-11-11,1355,NPP,VIIRS,70,10.1.1_NRT,289.31,3.57,D
30.10227,79.19581,345.66,0.406,0.443,2025-11-14,1355,NOAA-20,VIIRS,70,10.1.1_NRT,302.7,101.22,D
30.76601,75.54779,326.52,0.353,0.416,2025-11-11,1340,NPP,VIIRS,52,10.1.1_NRT,289.24,10.72,D
30.86743,75.4145,325.35,0.36,0.398,2025-11-13,1355,NOAA-20,VIIRS,49,10.1.1_NRT,295.05,11.65,D
22.4773,70.04797,391.28,0.409,0.423,2025-11-12,0140,NOAA-20,VIIRS,98,10.1.1_NRT,307.81,11.6,D
30.70075,76.05279,329.7,0.406,0.36,2025-11-12,1340,NPP,VIIRS,48,10.1.1_NRT,294.07,11.53,D
22.47656,70.04867,395.47,0.359,0.371,2025-11-13,1340,NOAA-20,VIIRS,98,10.1.1_NRT,307.59,28.15,D
30.41319,75.79929,336.57,0.388,0.365,2025-11-14,1355,NOAA-20,VIIRS,42,10.1.1_NRT,289.96,13.7,D
30.86021,75.40756,320.24,0.429,0.422,2025-11-13,1355,NOAA-20,VIIRS,40,10.1.1_NRT,293.55,9.72,D
30.88014,76.05992,322.22,0.433,0.412,2025-11-14,1355,NOAA-20,VIIRS,59,10.1.1_NRT,291.09,14.92,D
30.44401,76.46365,328.39,0.398,0.358,2025-11-11,1355,NPP,VIIRS,63,10.1.1_NRT,294.94,20.82,D
30.06994,79.18021,333.03,0.426,0.405,2025-11-10,0140,NOAA-20,VIIRS,88,10.1.1_NRT,305.47,69.22,D
30.73726,75.63667,321.72,0.431,0.377,2025-11-10,1340,NOAA-20,VIIRS,82,10.1.1_NRT,295.09,4.92,D
23.75694,86.35769,362.01,0.365,0.38,2025-11-10,0140,NOAA-20,VIIRS,94,10.1.1_NRT,303.97,28.79,D
30.60778,75.84118,338.33,0.375,0.425,2025-11-13,0140,NOAA-20,VIIRS,42,10.1.1_NRT,292.12,6.59,D
23.81275,86.44,347.95,0.394,0.397,2025-11-11,1355,NOAA-20,VIIRS,93,10.1.1_NRT,299.0,39.22,D
30.69842,75.20428,320.63,0.441,0.406,2025-11-10,1340,NOAA-20,VIIRS,53,10.1.1_NRT,294.86,14.37,D
31.13481,75.90463,327.56,0.361,0.36,2025-11-13,1355,NPP,VIIRS,55,10.1.1_NRT,293.58,14.32,D
23.747,86.33358,346.57,0.447,0.426,2025-11-12,1340,NOAA-20,VIIRS,91,10.1.1_NRT,299.76,61.15,D
22.4785,70.0497,386.95,0.357,0.427,2025-11-13,1340,NPP,VIIRS,97,10.1.1_NRT,307.33,9.87,D
30.81567,75.79342,329.13,0.353,0.372,2025-11-13,1340,NOAA-20,VIIRS,49,10.1.1_NRT,294.37,12.21,D
30.76811,75.55036,318.18,0.448,0.396,2025-11-11,1340,NPP,VIIRS,61,10.1.1_NRT,295.83,24.84,D
30.08533,79.17555,353.54,0.41,0.432,2025-11-13,1340,NOAA-20,VIIRS,67,10.1.1_NRT,301.68,104.31,D
30.45393,76.46178,317.42,0.447,0.409,2025-11-11,0140,NOAA-20,VIIRS,78,10.1.1_NRT,293.35,5.48,D
30.60899,75.24154,320.82,0.36,0.427,2025-11-12,1355,NOAA-20,VIIRS,52,10.1.1_NRT,288.8,22.82,D
30.74848,75.19989,328.86,0.379,0.426,2025-11-11,0140,NPP,VIIRS,88,10.1.1_NRT,288.82,16.75,D
30.73682,75.64988,327.77,0.387,0.376,2025-11-11,0140,NPP,VIIRS,67,10.1.1_NRT,288.44,16.43,D
23.8066,86.42747,358.67,0.428,0.388,2025-11-14,0140,NPP,VIIRS,96,10.1.1_NRT,300.5,42.11,D
23.80916,86.42833,351.39,0.368,0.402,2025-11-12,1355,NOAA-20,VIIRS,94,10.1.1_NRT,300.17,33.96,D
30.86013,75.4046,329.72,0.363,0.423,2025-11-11,1355,NOAA-20,VIIRS,52,10.1.1_NRT,289.4,20.1,D
23.82088,86.44374,350.53,0.437,0.448,2025-11-14,1355,NOAA-20,VIIRS,91,10.1.1_NRT,302.58,31.88,D
30.42593,75.12077,323.3,0.422,0.386,2025-11-14,0140,NOAA-20,VIIRS,86,10.1.1_NRT,294.14,20.78,D
30.697,75.19726,331.08,0.42,0.391,2025-11-10,0140,NOAA-20,VIIRS,58,10.1.1_NRT,291.05,3.08,D
30.06522,79.16511,331.58,0.362,0.351,2025-11-12,1340,NPP,VIIRS,82,10.1.1_NRT,302.24,90.75,D
23.75289,86.36608,343.53,0.438,0.352,2025-11-14,1340,NPP,VIIRS,97,10.1.1_NRT,302.5,64.46,D
30.98858,75.5062,325.65,0.435,0.416,2025-11-14,1340,NPP,VIIRS,77,10.1.1_NRT,288.93,10.28,D
30.35895,76.13983,329.58,0.431,0.395,2025-11-12,0140,NOAA-20,VIIRS,51,10.1.1_NRT,288.73,4.67,D
30.98699,75.51463,325.47,0.378,0.428,2025-11-13,0140,NPP,VIIRS,78,10.1.1_NRT,295.19,16.32,D
30.07986,79.17948,350.04,0.425,0.365,2025-11-11,0140,NPP,VIIRS,91,10.1.1_NRT,304.22,82.66,D
23.72768,86.3253,356.06,0.399,0.377,2025-11-14,1355,NPP,VIIRS,92,10.1.1_NRT,303.12,69.72,D
30.50687,75.83703,331.43,0.36,0.403,2025-11-13,0140,NOAA-20,VIIRS,40,10.1.1_NRT,294.79,23.87,D
23.82284,86.43684,350.05,0.437,0.394,2025-11-14,0140,NPP,VIIRS,89,10.1.1_NRT,301.01,36.12,D
23.86,84.82,315.86,0.362,0.427,2025-11-10,1355,NPP,VIIRS,52,10.1.1_NRT,287.09,9.0,D
23.73176,86.32661,346.35,0.436,0.427,2025-11-14,1355,NPP,VIIRS,90,10.1.1_NRT,299.24,69.7,D
30.57069,75.4748,333.49,0.367,0.422,2025-11-10,0140,NOAA-20,VIIRS,79,10.1.1_NRT,291.69,13.24,D
23.81828,86.45092,345.15,0.389,0.416,2025-11-14,1355,NOAA-20,VIIRS,94,10.1.1_NRT,299.91,42.35,D
31.07047,76.1364,318.2,0.445,0.44,2025-11-10,0140,NPP,VIIRS,45,10.1.1_NRT,290.07,6.17,D
30.06892,79.18659,345.4,0.441,0.391,2025-11-11,0140,NPP,VIIRS,62,10.1.1_NRT,304.77,75.08,D
30.98456,76.17189,329.21,0.426,0.445,2025-11-13,0140,NPP,VIIRS,87,10.1.1_NRT,290.92,5.04,D
30.06821,79.18715,351.27,0.426,0.409,2025-11-11,1340,NPP,VIIRS,85,10.1.1_NRT,300.71,67.65,D
30.61469,75.6526,329.67,0.425,0.419,2025-11-10,1340,NOAA-20,VIIRS,87,10.1.1_NRT,290.8,6.08,D
30.05446,79.20932,349.77,0.4,0.371,2025-11-14,0140,NPP,VIIRS,73,10.1.1_NRT,301.62,133.77,D
23.74476,86.33882,354.37,0.414,0.386,2025-11-11,1340,NOAA-20,VIIRS,90,10.1.1_NRT,299.4,58.92,D
30.71937,76.30565,332.96,0.374,0.392,2025-11-13,1340,NOAA-20,VIIRS,71,10.1.1_NRT,290.33,16.53,D
30.37044,75.65347,317.66,0.386,0.377,2025-11-12,1355,NOAA-20,VIIRS,57,10.1.1_NRT,288.04,19.01,D
23.81251,86.42708,356.44,0.355,0.355,2025-11-14,0140,NOAA-20,VIIRS,92,10.1.1_NRT,299.81,39.95,D
30.40005,75.63922,318.31,0.375,0.431,2025-11-10,1340,NPP,VIIRS,66,10.1.1_NRT,289.39,17.69,D
30.84948,76.02575,338.37,0.435,0.375,2025-11-11,0140,NOAA-20,VIIRS,48,10.1.1_NRT,289.8,8.99,D
22.46481,70.02148,383.66,0.396,0.417,2025-11-10,1340,NOAA-20,VIIRS,92,10.1.1_NRT,309.65,40.22,D
23.74309,86.34258,346.29,0.425,0.393,2025-11-12,1340,NOAA-20,VIIRS,88,10.1.1_NRT,298.86,71.6,D
30.43106,76.00141,336.28,0.383,0.423,2025-11-12,1340,NPP,VIIRS,91,10.1.1_NRT,291.74,13.36,D
30.39569,76.03622,330.89,0.405,0.399,2025-11-13,0140,NPP,VIIRS,50,10.1.1_NRT,293.55,10.83,D
31.14532,75.98236,325.28,0.351,0.437,2025-11-13,1355,NOAA-20,VIIRS,46,10.1.1_NRT,288.37,23.17,D
30.74196,75.19907,337.76,0.391,0.39,2025-11-12,1355,NPP,VIIRS,45,10.1.1_NRT,294.53,21.11,D
23.804,86.43329,345.77,0.399,0.426,2025-11-13,1340,NOAA-20,VIIRS,86,10.1.1_NRT,301.1,49.03,D
30.67812,76.40565,315.98,0.386,0.442,2025-11-13,1355,NPP,VIIRS,75,10.1.1_NRT,293.66,3.94,D
30.07599,79.18186,328.3,0.351,0.375,2025-11-10,0140,NPP,VIIRS,72,10.1.1_NRT,302.33,50.0,D
23.75826,86.35983,348.69,0.37,0.413,2025-11-13,1355,NOAA-20,VIIRS,93,10.1.1_NRT,298.93,58.95,D
30.70421,75.20083,320.08,0.359,0.422,2025-11-10,1355,NOAA-20,VIIRS,53,10.1.1_NRT,293.17,5.08,D
23.95,85.32,315.96,0.366,0.424,2025-11-10,0140,NPP,VIIRS,37,10.1.1_NRT,287.13,3.0,D
30.33162,75.38876,318.72,0.443,0.382,2025-11-10,1340,NOAA-20,VIIRS,68,10.1.1_NRT,295.15,20.49,D
31.13737,75.98338,335.66,0.351,0.443,2025-11-13,0140,NPP,VIIRS,48,10.1.1_NRT,295.14,16.75,D
30.55778,75.13676,333.25,0.359,0.393,2025-11-10,1340,NPP,VIIRS,78,10.1.1_NRT,294.77,3.52,D
30.40191,75.39476,334.98,0.439,0.389,2025-11-12,1355,NOAA-20,VIIRS,55,10.1.1_NRT,291.5,17.08,D
23.80249,86.43727,343.36,0.398,0.384,2025-11-14,1340,NOAA-20,VIIRS,93,10.1.1_NRT,298.62,33.81,D
30.06611,79.19237,335.37,0.354,0.386,2025-11-14,0140,NPP,VIIRS,93,10.1.1_NRT,300.76,126.38,D
30.45305,76.46469,319.75,0.416,0.38,2025-11-10,0140,NOAA-20,VIIRS,51,10.1.1_NRT,293.58,4.33,D
30.09393,79.18586,337.56,0.376,0.404,2025-11-13,1340,NOAA-20,VIIRS,77,10.1.1_NRT,302.17,96.92,D
23.75598,86.36063,351.42,0.435,0.357,2025-11-12,1340,NPP,VIIRS,85,10.1.1_NRT,303.12,39.18,D
30.06787,79.17359,347.44,0.415,0.391,2025-11-13,1355,NPP,VIIRS,68,10.1.1_NRT,304.05,98.38,D
31.14155,75.97847,319.17,0.448,0.434,2025-11-12,0140,NPP,VIIRS,88,10.1.1_NRT,289.06,11.7,D
23.81364,86.44628,343.93,0.384,0.419,2025-11-14,1340,NOAA-20,VIIRS,86,10.1.1_NRT,301.93,36.79,D
30.61292,75.24018,339.05,0.38,0.41,2025-11-13,1340,NPP,VIIRS,91,10.1.1_NRT,295.41,13.39,D
30.97031,76.42777,334.28,0.382,0.385,2025-11-14,0140,NOAA-20,VIIRS,94,10.1.1_NRT,293.64,23.65,D
30.07561,79.19502,341.07,0.389,0.404,2025-11-11,1355,NPP,VIIRS,75,10.1.1_NRT,300.24,79.04,D
30.95901,75.034,316.96,0.36,0.373,2025-11-11,1355,NPP,VIIRS,77,10.1.1_NRT,293.96,20.18,D
30.97102,76.16709,324.65,0.403,0.448,2025-11-13,0140,NPP,VIIRS,53,10.1.1_NRT,289.93,20.26,D
22.48454,70.00367,384.5,0.391,0.437,2025-11-13,0140,NPP,VIIRS,92,10.1.1_NRT,309.83,10.22,D
30.36633,76.47104,336.7,0.374,0.428,2025-11-12,1340,NOAA-20,VIIRS,45,10.1.1_NRT,293.92,20.72,D
30.37187,75.45296,334.93,0.449,0.428,2025-11-13,0140,NPP,VIIRS,75,10.1.1_NRT,289.99,11.64,D
23.80365,86.42631,351.46,0.426,0.388,2025-11-10,1340,NOAA-20,VIIRS,91,10.1.1_NRT,300.27,39.64,D
23.38,84.6,319.54,0.384,0.381,2025-11-13,1340,NPP,VIIRS,20,10.1.1_NRT,287.4,12.0,D
30.08477,79.20219,338.95,0.352,0.402,2025-11-13,1355,NPP,VIIRS,75,10.1.1_NRT,300.41,120.21,D
30.58057,75.30377,339.8,0.438,0.38,2025-11-13,0140,NPP,VIIRS,65,10.1.1_NRT,291.42,5.63,D
22.48481,70.0045,382.59,0.396,0.446,2025-11-11,0140,NOAA-20,VIIRS,97,10.1.1_NRT,308.46,29.97,D
23.75271,86.35726,358.6,0.404,0.364,2025-11-10,1340,NPP,VIIRS,88,10.1.1_NRT,302.8,60.95,D
30.09163,79.17435,334.33,0.359,0.416,2025-11-13,0140,NPP,VIIRS,83,10.1.1_NRT,301.06,111.65,D
30.71691,76.29716,334.71,0.427,0.424,2025-11-14,0140,NPP,VIIRS,40,10.1.1_NRT,290.76,7.83,D
30.82695,75.79281,326.03,0.424,0.415,2025-11-13,1355,NPP,VIIRS,81,10.1.1_NRT,289.75,19.41,D
30.07125,79.2007,336.68,0.372,0.407,2025-11-14,1340,NOAA-20,VIIRS,79,10.1.1_NRT,303.33,127.87,D
31.07551,75.19409,332.11,0.368,0.435,2025-11-12,0140,NPP,VIIRS,90,10.1.1_NRT,290.24,8.24,D
30.72373,76.30669,319.38,0.413,0.431,2025-11-14,1355,NOAA-20,VIIRS,84,10.1.1_NRT,294.23,14.56,D
